{
	"info": {
		"_postman_id": "39200848-90ac-42ad-a4ea-dd3b46047ac5",
		"name": "Chinook - Playlists",
		"schema": "https://schema.getpostman.com/json/collection/v2.1.0/collection.json",
		"_exporter_id": "23258708"
	},
	"item": [
		{
			"name": "Playlists: Get All",
			"event": [
				{
					"listen": "test",
					"script": {
						"exec": [
							"pm.test(\"Status code is 200\", function () {\r",
							"    pm.response.to.have.status(200);\r",
							"});"
						],
						"type": "text/javascript",
						"packages": {}
					}
				}
			],
			"request": {
				"method": "GET",
				"header": [],
				"url": {
					"raw": "{{BASE_URL}}/{{PLAYLISTS}}",
					"host": [
						"{{BASE_URL}}"
					],
					"path": [
						"{{PLAYLISTS}}"
					]
				}
			},
			"response": []
		},
		{
			"name": "Playlists: Search",
			"event": [
				{
					"listen": "test",
					"script": {
						"exec": [
							"pm.test(\"Status code is 200\", function () {\r",
							"    pm.response.to.have.status(200);\r",
							"});"
						],
						"type": "text/javascript",
						"packages": {}
					}
				}
			],
			"request": {
				"method": "GET",
				"header": [],
				"url": {
					"raw": "{{BASE_URL}}/{{PLAYLISTS}}?s=clas",
					"host": [
						"{{BASE_URL}}"
					],
					"path": [
						"{{PLAYLISTS}}"
					],
					"query": [
						{
							"key": "s",
							"value": "clas"
						}
					]
				}
			},
			"response": []
		},
		{
			"name": "Playlists: Get By ID",
			"event": [
				{
					"listen": "test",
					"script": {
						"exec": [
							"pm.test(\"Status code is 200 or 404\", function () {\r",
							"    pm.expect([200, 404]).to.include(pm.response.code);\r",
							"});"
						],
						"type": "text/javascript",
						"packages": {}
					}
				}
			],
			"request": {
				"method": "GET",
				"header": [],
				"url": {
					"raw": "{{BASE_URL}}/{{PLAYLISTS}}/21",
					"host": [
						"{{BASE_URL}}"
					],
					"path": [
						"{{PLAYLISTS}}",
						"21"
					]
				}
			},
			"response": []
		},
		{
			"name": "Playlists: Create",
			"event": [
				{
					"listen": "test",
					"script": {
						"exec": [
							"pm.test(\"Status code is 201, 400 or 409\", function () {\r",
							"    pm.expect([201, 400, 409]).to.include(pm.response.code);\r",
							"});"
						],
						"type": "text/javascript",
						"packages": {}
					}
				}
			],
			"request": {
				"method": "POST",
				"header": [],
				"body": {
					"mode": "raw",
					"raw": "{\r\n    \"name\": \"NEW PLAYLIST INIT\"\r\n}",
					"options": {
						"raw": {
							"language": "json"
						}
					}
				},
				"url": {
					"raw": "{{BASE_URL}}/{{PLAYLISTS}}",
					"host": [
						"{{BASE_URL}}"
					],
					"path": [
						"{{PLAYLISTS}}"
					]
				}
			},
			"response": []
		},
		{
			"name": "Playlists: Add Track",
			"event": [
				{
					"listen": "test",
					"script": {
						"exec": [
							"pm.test(\"Status code is 201, 400 or 409\", function () {\r",
							"    pm.expect([201, 400, 409]).to.include(pm.response.code);\r",
							"});"
						],
						"type": "text/javascript",
						"packages": {}
					}
				}
			],
			"request": {
				"method": "POST",
				"header": [],
				"body": {
					"mode": "raw",
					"raw": "{\r\n    \"track_id\": 4\r\n}",
					"options": {
						"raw": {
							"language": "json"
						}
					}
				},
				"url": {
					"raw": "{{BASE_URL}}/{{PLAYLISTS}}/14/{{TRACKS}}",
					"host": [
						"{{BASE_URL}}"
					],
					"path": [
						"{{PLAYLISTS}}",
						"14",
						"{{TRACKS}}"
					]
				}
			},
			"response": []
		},
		{
			"name": "Playlists: Remove Track",
			"event": [
				{
					"listen": "test",
					"script": {
						"exec": [
							"pm.test(\"Status code is 204\", function () {\r",
							"    pm.response.to.have.status(204);\r",
							"});"
						],
						"type": "text/javascript",
						"packages": {}
					}
				}
			],
			"request": {
				"method": "DELETE",
				"header": [],
				"url": {
					"raw": "{{BASE_URL}}/{{PLAYLISTS}}/2/{{TRACKS}}/2",
					"host": [
						"{{BASE_URL}}"
					],
					"path": [
						"{{PLAYLISTS}}",
						"2",
						"{{TRACKS}}",
						"2"
					]
				}
			},
			"response": []
		},
		{
			"name": "Playlists: Delete",
			"event": [
				{
					"listen": "test",
					"script": {
						"exec": [
							"pm.test(\"Status code is 204, 404 or 409\", function () {\r",
							"    pm.expect([204, 404, 409]).to.include(pm.response.code);\r",
							"});"
						],
						"type": "text/javascript",
						"packages": {}
					}
				}
			],
			"request": {
				"method": "DELETE",
				"header": [],
				"url": {
					"raw": "{{BASE_URL}}/{{PLAYLISTS}}/2",
					"host": [
						"{{BASE_URL}}"
					],
					"path": [
						"{{PLAYLISTS}}",
						"2"
					]
				}
			},
			"response": []
		}
	]
}