{
	"info": {
		"_postman_id": "af8fa969-576f-4d6e-a674-bf103c0cd64a",
		"name": "Chinook - Tracks",
		"schema": "https://schema.getpostman.com/json/collection/v2.1.0/collection.json",
		"_exporter_id": "23258708"
	},
	"item": [
		{
			"name": "Tracks: Search",
			"event": [
				{
					"listen": "test",
					"script": {
						"exec": [
							"pm.test(\"Status code is 200\", function () {\r",
							"    pm.response.to.have.status(200);\r",
							"});"
						],
						"type": "text/javascript",
						"packages": {}
					}
				}
			],
			"request": {
				"method": "GET",
				"header": [],
				"url": {
					"raw": "{{BASE_URL}}/{{TRACKS}}?s=een",
					"host": [
						"{{BASE_URL}}"
					],
					"path": [
						"{{TRACKS}}"
					],
					"query": [
						{
							"key": "s",
							"value": "een"
						}
					]
				}
			},
			"response": []
		},
		{
			"name": "Tracks: Get By ID",
			"event": [
				{
					"listen": "test",
					"script": {
						"exec": [
							"pm.test(\"Status code is 200 or 404\", function () {\r",
							"    pm.expect([200, 404]).to.include(pm.response.code);\r",
							"});"
						],
						"type": "text/javascript",
						"packages": {}
					}
				}
			],
			"request": {
				"method": "GET",
				"header": [],
				"url": {
					"raw": "{{BASE_URL}}/{{TRACKS}}/2",
					"host": [
						"{{BASE_URL}}"
					],
					"path": [
						"{{TRACKS}}",
						"2"
					]
				}
			},
			"response": []
		},
		{
			"name": "Tracks: Search By Composer",
			"event": [
				{
					"listen": "test",
					"script": {
						"exec": [
							"pm.test(\"Status code is 200\", function () {\r",
							"    pm.response.to.have.status(200);\r",
							"});"
						],
						"type": "text/javascript",
						"packages": {}
					}
				}
			],
			"request": {
				"method": "GET",
				"header": [],
				"url": {
					"raw": "{{BASE_URL}}/{{TRACKS}}?composer=fri",
					"host": [
						"{{BASE_URL}}"
					],
					"path": [
						"{{TRACKS}}"
					],
					"query": [
						{
							"key": "composer",
							"value": "fri"
						}
					]
				}
			},
			"response": []
		},
		{
			"name": "Tracks: Create",
			"event": [
				{
					"listen": "test",
					"script": {
						"exec": [
							"pm.test(\"Status code is 201, 400 or 409\", function () {\r",
							"    pm.expect([201, 400, 409]).to.include(pm.response.code);\r",
							"});"
						],
						"type": "text/javascript",
						"packages": {}
					}
				}
			],
			"request": {
				"method": "POST",
				"header": [],
				"body": {
					"mode": "raw",
					"raw": "{\r\n  \"name\": \"Test Track\",\r\n  \"album_id\": 1,\r\n  \"media_type_id\": 1,\r\n  \"genre_id\": 1,\r\n  \"composer\": \"John Doe\",\r\n  \"milliseconds\": 240000,\r\n  \"bytes\": 5120000,\r\n  \"unit_price\": 0.99\r\n}",
					"options": {
						"raw": {
							"language": "json"
						}
					}
				},
				"url": {
					"raw": "{{BASE_URL}}/{{TRACKS}}",
					"host": [
						"{{BASE_URL}}"
					],
					"path": [
						"{{TRACKS}}"
					]
				}
			},
			"response": []
		},
		{
			"name": "Tracks: Update",
			"request": {
				"method": "PUT",
				"header": [],
				"body": {
					"mode": "raw",
					"raw": "{\r\n  \"name\": \"Test Track\",\r\n  \"album_id\": 1,\r\n  \"media_type_id\": 1,\r\n  \"genre_id\": 1,\r\n  \"composer\": \"John Doe\",\r\n  \"milliseconds\": 240000,\r\n  \"bytes\": 5120000,\r\n  \"unit_price\": 0.99\r\n}",
					"options": {
						"raw": {
							"language": "json"
						}
					}
				},
				"url": {
					"raw": "{{BASE_URL}}/{{TRACKS}}/2",
					"host": [
						"{{BASE_URL}}"
					],
					"path": [
						"{{TRACKS}}",
						"2"
					]
				}
			},
			"response": []
		},
		{
			"name": "Tracks: Delete",
			"event": [
				{
					"listen": "test",
					"script": {
						"exec": [
							"pm.test(\"Status code is 204, 404 or 409\", function () {\r",
							"    pm.expect([204, 404, 409]).to.include(pm.response.code);\r",
							"});"
						],
						"type": "text/javascript",
						"packages": {}
					}
				}
			],
			"request": {
				"method": "DELETE",
				"header": [],
				"url": {
					"raw": "{{BASE_URL}}/{{TRACKS}}/2",
					"host": [
						"{{BASE_URL}}"
					],
					"path": [
						"{{TRACKS}}",
						"2"
					]
				}
			},
			"response": []
		}
	]
}