{
	"info": {
		"_postman_id": "c2a5b06c-84f1-4c26-951d-f7f81a1d1d57",
		"name": "Chinook - Others",
		"schema": "https://schema.getpostman.com/json/collection/v2.1.0/collection.json",
		"_exporter_id": "23258708"
	},
	"item": [
		{
			"name": "Media Types: Get All",
			"event": [
				{
					"listen": "test",
					"script": {
						"exec": [
							"pm.test(\"Status code is 200\", function () {\r",
							"    pm.response.to.have.status(200);\r",
							"});"
						],
						"type": "text/javascript",
						"packages": {}
					}
				}
			],
			"request": {
				"method": "GET",
				"header": [],
				"url": {
					"raw": "{{BASE_URL}}/{{MEDIA_TYPES}}",
					"host": [
						"{{BASE_URL}}"
					],
					"path": [
						"{{MEDIA_TYPES}}"
					]
				}
			},
			"response": []
		},
		{
			"name": "Genres: Get All",
			"event": [
				{
					"listen": "test",
					"script": {
						"exec": [
							"pm.test(\"Status code is 200\", function () {\r",
							"    pm.response.to.have.status(200);\r",
							"});"
						],
						"type": "text/javascript",
						"packages": {}
					}
				}
			],
			"request": {
				"method": "GET",
				"header": [],
				"url": {
					"raw": "{{BASE_URL}}/{{GENRES}}",
					"host": [
						"{{BASE_URL}}"
					],
					"path": [
						"{{GENRES}}"
					]
				}
			},
			"response": []
		}
	]
}