{
	"info": {
		"_postman_id": "a4a71799-716d-4c17-ab5d-35d7ddf0b197",
		"name": "Chinook - Albums",
		"schema": "https://schema.getpostman.com/json/collection/v2.1.0/collection.json",
		"_exporter_id": "23258708"
	},
	"item": [
		{
			"name": "Albums: Get All",
			"event": [
				{
					"listen": "test",
					"script": {
						"exec": [
							"pm.test(\"Status code is 200\", function () {\r",
							"    pm.response.to.have.status(200);\r",
							"});"
						],
						"type": "text/javascript",
						"packages": {}
					}
				}
			],
			"request": {
				"method": "GET",
				"header": [],
				"url": {
					"raw": "{{BASE_URL}}/{{ALBUMS}}",
					"host": [
						"{{BASE_URL}}"
					],
					"path": [
						"{{ALBUMS}}"
					]
				}
			},
			"response": []
		},
		{
			"name": "Albums: Search",
			"event": [
				{
					"listen": "test",
					"script": {
						"exec": [
							"pm.test(\"Status code is 200\", function () {\r",
							"    pm.response.to.have.status(200);\r",
							"});"
						],
						"type": "text/javascript",
						"packages": {}
					}
				}
			],
			"request": {
				"method": "GET",
				"header": [],
				"url": {
					"raw": "{{BASE_URL}}/{{ALBUMS}}?s=een",
					"host": [
						"{{BASE_URL}}"
					],
					"path": [
						"{{ALBUMS}}"
					],
					"query": [
						{
							"key": "s",
							"value": "een"
						}
					]
				}
			},
			"response": []
		},
		{
			"name": "Albums: Get By ID",
			"event": [
				{
					"listen": "test",
					"script": {
						"exec": [
							"pm.test(\"Status code is 200 or 404\", function () {\r",
							"    pm.expect([200, 404]).to.include(pm.response.code);\r",
							"});"
						],
						"type": "text/javascript",
						"packages": {}
					}
				}
			],
			"request": {
				"method": "GET",
				"header": [],
				"url": {
					"raw": "{{BASE_URL}}/{{ALBUMS}}/2",
					"host": [
						"{{BASE_URL}}"
					],
					"path": [
						"{{ALBUMS}}",
						"2"
					]
				}
			},
			"response": []
		},
		{
			"name": "Albums: Get Tracks By ID",
			"event": [
				{
					"listen": "test",
					"script": {
						"exec": [
							"pm.test(\"Status code is 200 or 404\", function () {\r",
							"    pm.expect([200, 404]).to.include(pm.response.code);\r",
							"});"
						],
						"type": "text/javascript",
						"packages": {}
					}
				}
			],
			"request": {
				"method": "GET",
				"header": [],
				"url": {
					"raw": "{{BASE_URL}}/{{ALBUMS}}/1/{{TRACKS}}",
					"host": [
						"{{BASE_URL}}"
					],
					"path": [
						"{{ALBUMS}}",
						"1",
						"{{TRACKS}}"
					]
				}
			},
			"response": []
		},
		{
			"name": "Albums: Create",
			"event": [
				{
					"listen": "test",
					"script": {
						"exec": [
							"pm.test(\"Status code is 201, 400 or 409\", function () {\r",
							"    pm.expect([201, 400, 409]).to.include(pm.response.code);\r",
							"});"
						],
						"type": "text/javascript",
						"packages": {}
					}
				}
			],
			"request": {
				"method": "POST",
				"header": [],
				"body": {
					"mode": "raw",
					"raw": "{\r\n    \"artist_id\": 2,\r\n    \"title\": \"NEW ALBUM INIT HAHA\"\r\n}",
					"options": {
						"raw": {
							"language": "json"
						}
					}
				},
				"url": {
					"raw": "{{BASE_URL}}/{{ALBUMS}}",
					"host": [
						"{{BASE_URL}}"
					],
					"path": [
						"{{ALBUMS}}"
					]
				}
			},
			"response": []
		},
		{
			"name": "Albums: Update",
			"request": {
				"method": "PUT",
				"header": [],
				"body": {
					"mode": "raw",
					"raw": "{\r\n    \"artist_id\": 2,\r\n    \"title\": \"NEW ALBUM INIT HAHA1111\"\r\n}",
					"options": {
						"raw": {
							"language": "json"
						}
					}
				},
				"url": {
					"raw": "{{BASE_URL}}/{{ALBUMS}}/2",
					"host": [
						"{{BASE_URL}}"
					],
					"path": [
						"{{ALBUMS}}",
						"2"
					]
				}
			},
			"response": []
		},
		{
			"name": "Albums: Delete",
			"event": [
				{
					"listen": "test",
					"script": {
						"exec": [
							"pm.test(\"Status code is 204, 404 or 409\", function () {\r",
							"    pm.expect([204, 404, 409]).to.include(pm.response.code);\r",
							"});"
						],
						"type": "text/javascript",
						"packages": {}
					}
				}
			],
			"request": {
				"method": "DELETE",
				"header": [],
				"url": {
					"raw": "{{BASE_URL}}/{{ALBUMS}}/1",
					"host": [
						"{{BASE_URL}}"
					],
					"path": [
						"{{ALBUMS}}",
						"1"
					]
				}
			},
			"response": []
		}
	]
}